{
  "config": {
    "K": 64,
    "cp_len": 16,
    "num_taps": 8,
    "pdp_decay": 0.45,
    "snr_db_list": [
      5,
      10,
      15,
      20,
      25,
      30,
      35,
      40
    ],
    "train_samples": 60000,
    "test_samples": 4000,
    "batch_size": 512,
    "epochs": 120,
    "lr": 0.0005,
    "hidden1": 1024,
    "hidden2": 512,
    "seed": 7,
    "output_dir": "results_ex2_7",
    "device": "auto"
  },
  "results": {
    "dnn_cp": [
      0.0006665587201714516,
      0.00025534559413790703,
      0.00012238174211233853,
      7.706865575164557e-05,
      6.688610929995775e-05,
      6.163318641483784e-05,
      5.99651001393795e-05,
      6.0717837419360874e-05
    ],
    "lmmse_cp": [
      0.0006119292452931404,
      0.00019473020173609257,
      6.222851527854801e-05,
      1.9431743305176498e-05,
      6.112649163696915e-06,
      1.9357973069418222e-06,
      6.162166464491747e-07,
      1.9582775530579966e-07
    ],
    "dnn_no_cp": [
      0.0007979190722107887,
      0.00036355579644441606,
      0.00022494243085384368,
      0.00018138989806175233,
      0.00016883859783411027,
      0.00016744793578982354,
      0.0001671524830162525,
      0.00016602066904306413
    ],
    "lmmse_no_cp": [
      0.0007309585586190223,
      0.0003068236373364925,
      0.00016824238188564779,
      0.00013263282831758261,
      0.0001146556530147791,
      0.000115015952847898,
      0.00011001994833350182,
      0.00011114923004060984
    ]
  }
}